Food Item,Detailed Recipe,YouTube Link,Image URL,Protein (g),Carbs (g),Fat (g),Energy (kcal)
Oatmeal with fruits,"Step 1: Boil water and cook oats.
Step 2: Chop fruits like apples, bananas, or berries.
Step 3: Mix cooked oats with fruits and drizzle honey.",https://www.youtube.com/watch?v=LVeCsP5YoX8,https://www.google.com/imgres?q=oatmeal%20with%20fruits%20image&imgurl=https%3A%2F%2Fnenaswellnesscorner.com%2Fwp-content%2Fuploads%2F2023%2F07%2FOatmeal-with-fruit-n1.jpg&imgrefurl=https%3A%2F%2Fnenaswellnesscorner.com%2Fbreakfast-oatmeal%2F&docid=BQldrlQZz-PCXM&tbnid=o7WPOtPVNd7LhM&vet=12ahUKEwi0xo-Gy_eLAxXak68BHU3XDfoQM3oECB0QAA..i&w=1200&h=1200&hcb=2&ved=2ahUKEwi0xo-Gy_eLAxXak68BHU3XDfoQM3oECB0QAA,7,45,5,250
Boiled eggs with avocado,"Step 1: Boil eggs for 8-10 minutes.
Step 2: Slice avocado and sprinkle with salt.
Step 3: Serve boiled eggs with avocado slices.",https://www.youtube.com/watch?v=N9XJSF4_ggU,https://www.google.com/url?sa=i&url=https%3A%2F%2Fwww.skinnytaste.com%2Favocado-toast-with-sunny-side-egg%2F&psig=AOvVaw1kDE1Ui_V44wWyVB0dCD4r&ust=1741423811590000&source=images&cd=vfe&opi=89978449&ved=0CBQQjRxqFwoTCNiv_7XL94sDFQAAAAAdAAAAABAE,14,2,15,200
Boiled eggs with toast,"Step 1: Boil eggs for 8-10 minutes.
Step 2: Toast whole grain bread.
Step 3: Serve boiled eggs with toast and butter.",https://www.youtube.com/watch?v=tgbGqBZO5Jc,https://www.google.com/imgres?q=boiled%20eggs%20with%20toast%20image&imgurl=https%3A%2F%2Fwww.hintofhealthy.com%2Fwp-content%2Fuploads%2F2020%2F09%2FSmashed-Egg-on-Toast.jpg&imgrefurl=https%3A%2F%2Fwww.hintofhealthy.com%2Fsmashed-egg-on-toast%2F&docid=N5dBTiYElVDEjM&tbnid=ZBliKV7cyqeTSM&vet=12ahUKEwi3yODFy_eLAxVXRmwGHVu0BpkQM3oECBUQAA..i&w=1200&h=1200&hcb=2&ved=2ahUKEwi3yODFy_eLAxVXRmwGHVu0BpkQM3oECBUQAA,13,20,10,250
Oatmeal with banana,"Step 1: Cook oats in water or milk.
Step 2: Slice banana and mix into the oats.
Step 3: Sprinkle cinnamon and serve.",https://www.youtube.com/watch?v=kJgQRqPnW9Y,https://www.google.com/imgres?q=oatmeal%20with%20banana%20image&imgurl=https%3A%2F%2Fwww.slimmingeats.com%2Fblog%2Fwp-content%2Fuploads%2F2010%2F03%2Fbanana-cinnamon-maple-oatmeal-15-735x735.jpg&imgrefurl=https%3A%2F%2Fwww.slimmingeats.com%2Fblog%2Foatmeal-with-banana-cinnamon-and-maple-syrup&docid=x7QhiqjmVxkYwM&tbnid=g_nDYUGMVBRUAM&vet=12ahUKEwjV856DzPeLAxVhTGwGHYMnNdwQM3oECC8QAA..i&w=735&h=735&hcb=2&ved=2ahUKEwjV856DzPeLAxVhTGwGHYMnNdwQM3oECC8QAA,6,40,4,220
Scrambled eggs with toast,"Step 1: Beat eggs with salt and pepper.
Step 2: Heat pan with oil, scramble eggs.
Step 3: Serve with toasted bread.",https://www.youtube.com/watch?v=8DxcWgO5aqA,https://www.google.com/imgres?q=scrambled%20eggs%20with%20toast%20image&imgurl=https%3A%2F%2Fgentletummy.com%2Fwp-content%2Fuploads%2F2025%2F01%2Fgentle-tummy-cottage-cheese-scrambled-eggs-recipe-6.jpg&imgrefurl=https%3A%2F%2Fgentletummy.com%2Fcottage-cheese-scrambled-eggs-recipe%2F&docid=X-uYJKR_-cibeM&tbnid=rb3gCXA5W_9ncM&vet=12ahUKEwjy746czPeLAxUESWwGHTBZBOMQM3oECCkQAA..i&w=1200&h=1200&hcb=2&ved=2ahUKEwjy746czPeLAxUESWwGHTBZBOMQM3oECCkQAA,12,22,14,280
Chia pudding with almond milk,"Step 1: Mix chia seeds with almond milk.
Step 2: Let it soak overnight.
Step 3: Top with fruits and nuts before serving.",https://www.youtube.com/watch?v=4-MeLkccIc0,https://www.google.com/imgres?q=chia%20pudding%20with%20almond%20milk%20image&imgurl=https%3A%2F%2Fwholefoodsoulfoodkitchen.com%2Fwp-content%2Fuploads%2F2022%2F11%2Fchia-seeds-with-almond-milk-recipe.jpg&imgrefurl=https%3A%2F%2Fwholefoodsoulfoodkitchen.com%2Fchia-pudding-with-almond-milk%2F&docid=shXC67DYRkeHYM&tbnid=xGMXgx9CFiDbgM&vet=12ahUKEwiJ37_VzPeLAxX8h68BHStNI9kQM3oECFYQAA..i&w=1200&h=1200&hcb=2&ved=2ahUKEwiJ37_VzPeLAxX8h68BHStNI9kQM3oECFYQAA,10,20,5,200
Greek yogurt with berries,"Step 1: Add Greek yogurt to a bowl.
Step 2: Top with fresh berries.
Step 3: Drizzle honey if desired.",https://www.youtube.com/watch?v=G-_gR-u9KXM,https://www.google.com/imgres?q=greek%20yogurt%20with%20berries%20image&imgurl=https%3A%2F%2Fusa.fage%2Fsites%2Fusa.fage%2Ffiles%2FFage_Recipe_Tiles_B_600x420_Apr21_Plain_Loaded_BowlsA_Hero_1291_RGB.jpg&imgrefurl=https%3A%2F%2Fusa.fage%2Frecipes%2Fgreek-yogurt-recipes%2Fmixed-berry-yogurt-bowl&docid=M0OOvEb5-jkAPM&tbnid=mvF76oCGAQphlM&vet=12ahUKEwimtvXnzPeLAxXNhq8BHTzxAGsQM3oECF0QAA..i&w=600&h=420&hcb=2&ved=2ahUKEwimtvXnzPeLAxXNhq8BHTzxAGsQM3oECF0QAA,10,20,5,200
Smoothie with coconut milk,"Step 1: Blend coconut milk, banana, spinach, and protein powder.
Step 2: Blend until smooth.
Step 3: Serve chilled.",https://www.youtube.com/watch?v=V2feZtzC1x0,https://www.google.com/imgres?q=smoothie%20with%20coconut%20milk%20image&imgurl=https%3A%2F%2Fcdn.foodfaithfitness.com%2Fuploads%2F2024%2F03%2FCoconut-Milk-Smoothie-A_Coconut-Milk-Smoothie_Featured_3.jpg&imgrefurl=https%3A%2F%2Fwww.foodfaithfitness.com%2Fcoconut-milk-smoothie%2F&docid=xjlzoomUD8wywM&tbnid=WhIOkJPvf125MM&vet=12ahUKEwi5l6-AzfeLAxViUGwGHbOoN9AQM3oECBoQAA..i&w=1200&h=1800&hcb=2&ved=2ahUKEwi5l6-AzfeLAxViUGwGHbOoN9AQM3oECBoQAA,10,20,5,200
Scrambled eggs with avocado,"Step 1: Scramble eggs in a pan.
Step 2: Slice avocado.
Step 3: Serve eggs topped with avocado.",https://www.youtube.com/watch?v=CetVHOhq5Bo,https://www.google.com/imgres?q=scrabled%20eggs%20with%20avocado%20image&imgurl=https%3A%2F%2Fwww.eatwell101.com%2Fwp-content%2Fuploads%2F2016%2F06%2Ftomato-avocado-scrambled-eggs-1.jpg&imgrefurl=https%3A%2F%2Fwww.eatwell101.com%2Favocado-and-tomato-breakfast-scramble-recipe&docid=4QHnBUUBrm_saM&tbnid=egVfmBBeNZIBUM&vet=12ahUKEwjL5buezfeLAxUESWwGHTBZBOMQM3oECHkQAA..i&w=1450&h=933&hcb=2&ved=2ahUKEwjL5buezfeLAxUESWwGHTBZBOMQM3oECHkQAA,10,20,5,200
Oats with nuts and honey,"Step 1: Cook oats.
Step 2: Add nuts and drizzle honey.
Step 3: Mix and serve.",https://www.youtube.com/watch?v=1-9onri0iMo,https://www.google.com/imgres?q=oats%20with%20nuts%20and%20honey%20image&imgurl=https%3A%2F%2Fsimply-delicious-food.com%2Fwp-content%2Fuploads%2F2015%2F05%2FCreamy-oats-breakfast-bowls-3.jpg&imgrefurl=https%3A%2F%2Fsimply-delicious-food.com%2Fcreamy-oatmeal-bowls-with-raspberries-seeds-and-honey%2F&docid=wMpfnwqkxPZQBM&tbnid=Z9EtcxWsRr8YsM&vet=12ahUKEwiq6eOwzfeLAxX1TGwGHRjAMqQQM3oFCIUBEAA..i&w=567&h=850&hcb=2&ved=2ahUKEwiq6eOwzfeLAxX1TGwGHRjAMqQQM3oFCIUBEAA,10,20,5,200
Chia pudding with soy milk,"Step 1: Mix chia seeds with soy milk.
Step 2: Soak overnight.
Step 3: Add fruits before serving.",https://www.youtube.com/watch?v=nTHPL4JySgo,https://www.google.com/imgres?q=chia%20pudding%20with%20soy%20milk%20image&imgurl=https%3A%2F%2Fwww.twospoons.ca%2Fwp-content%2Fuploads%2F2019%2F05%2FHow-to-make-easy-chia-pudding-Just-3-ingredients-required-SO-thick-and-creamy-and-delicious-every-time-vegan-glutenfree-chiapudding-recipe-twospoons-9.jpg&imgrefurl=https%3A%2F%2Fwww.twospoons.ca%2Fhow-to-make-easy-chia-pudding%2F&docid=ESDThTlkMejLKM&tbnid=LOaP9Bgjqu4Q3M&vet=12ahUKEwi5mNTazfeLAxUiSmwGHRbaFSsQM3oECDUQAA..i&w=667&h=1000&hcb=2&ved=2ahUKEwi5mNTazfeLAxUiSmwGHRbaFSsQM3oECDUQAA,10,20,5,200
Omelet with spinach,"Step 1: Beat eggs.
Step 2: Add chopped spinach.
Step 3: Cook in pan until set.",https://www.youtube.com/watch?v=ZmVgM22uoZ8,https://www.google.com/imgres?q=omelette%20with%20spinach%20image&imgurl=https%3A%2F%2Fwww.sweetashoney.co%2Fwp-content%2Fuploads%2FSpinach-Omelette-10-scaled.jpg&imgrefurl=https%3A%2F%2Fwww.sweetashoney.co%2Fspinach-omelette%2F&docid=eENlqeecSDmzTM&tbnid=JXtDz6W22o8YjM&vet=12ahUKEwiWgOTtzfeLAxX3ia8BHfm7NKwQM3oECBoQAA..i&w=2048&h=1152&hcb=2&ved=2ahUKEwiWgOTtzfeLAxX3ia8BHfm7NKwQM3oECBoQAA,10,20,5,200
Smoothie with almond milk,"Step 1: Blend almond milk, banana, and berries.
Step 2: Blend until smooth.
Step 3: Serve chilled.",https://www.youtube.com/watch?v=AAdFlEFMaGI,https://www.google.com/imgres?q=Smoothie%20with%20almond%20milk%20youtube%20video&imgurl=https%3A%2F%2Fi.ytimg.com%2Fvi%2FAAdFlEFMaGI%2Fmaxresdefault.jpg&imgrefurl=https%3A%2F%2Fwww.youtube.com%2Fwatch%3Fv%3DAAdFlEFMaGI&docid=gtvPOkzDksmS6M&tbnid=-gLjV9mZqt1rEM&vet=12ahUKEwjv1pX82_eLAxVYSGwGHTq3LjIQM3oECGwQAA..i&w=1280&h=720&hcb=2&ved=2ahUKEwjv1pX82_eLAxVYSGwGHTq3LjIQM3oECGwQAA,10,20,5,200
Chia pudding with coconut milk,"Step 1: Mix chia seeds with coconut milk.
Step 2: Let soak overnight.
Step 3: Add toppings like nuts or fruits.",https://www.youtube.com/watch?v=42dFzIWohbs,https://www.google.com/imgres?q=chia%20pudding%20with%20cococnut%20milk%20image&imgurl=https%3A%2F%2Fnavitasorganics.com%2Fcdn%2Fshop%2Farticles%2F20230321171212-coconut-chia-pudding.jpg%3Fv%3D1679418856%26width%3D770&imgrefurl=https%3A%2F%2Fnavitasorganics.com%2Fblogs%2Frecipes%2Fcoconut-chia-pudding&docid=i-cOg55C7YP3pM&tbnid=fdq3s8I3RFRNCM&vet=12ahUKEwiJ-LCfzveLAxXCavUHHXYqCgwQM3oECDUQAA..i&w=770&h=550&hcb=2&ved=2ahUKEwiJ-LCfzveLAxXCavUHHXYqCgwQM3oECDUQAA,10,20,5,200
Scrambled eggs with tomatoes,"Step 1: Scramble eggs.
Step 2: Add chopped tomatoes.
Step 3: Cook until tomatoes soften.",https://www.youtube.com/watch?v=ts09qCA21nk,https://www.google.com/imgres?q=scrambled%20eggs%20with%20tomatoes%20image&imgurl=https%3A%2F%2Fitsmydish.com%2Fwp-content%2Fuploads%2F2015%2F06%2Fscramble-egg-with-tomatos-final1.jpg&imgrefurl=https%3A%2F%2Fitsmydish.com%2Fscramble-egg-tomatoes%2F&docid=s-1Qn4tBAhNrIM&tbnid=WOOc_xuml9pJYM&vet=12ahUKEwicyPKvzveLAxXQma8BHTN4JEMQM3oECE4QAA..i&w=1600&h=1063&hcb=2&ved=2ahUKEwicyPKvzveLAxXQma8BHTN4JEMQM3oECE4QAA,10,20,5,200
Grilled tofu with vegetables,"Step 1: Grill tofu until golden.
Step 2: Stir-fry vegetables with garlic.
Step 3: Serve tofu with vegetables.",https://www.youtube.com/watch?v=CngssJiDnUQ,https://www.google.com/imgres?q=grilled%20tofu%20with%20vegetables%20image&imgurl=https%3A%2F%2Fwww.crowdedkitchen.com%2Fwp-content%2Fuploads%2F2021%2F04%2Ftofu-kebabs-with-peanut-sauce-8.jpg&imgrefurl=https%3A%2F%2Fwww.crowdedkitchen.com%2Fgrilled-tofu-kebabs%2F&docid=SyNnzHKSh3nYBM&tbnid=DYpRXKDkImnfWM&vet=12ahUKEwjZlpPFzveLAxUcc_UHHQZ0DTgQM3oFCIcBEAA..i&w=1200&h=1800&hcb=2&ved=2ahUKEwjZlpPFzveLAxUcc_UHHQZ0DTgQM3oFCIcBEAA,10,20,5,200
Lentil soup with rice,"Step 1: Cook lentils and rice separately.
Step 2: Add saut√©ed onions, tomatoes, and spices to lentils.
Step 3: Serve with rice.",https://www.youtube.com/watch?v=n-KQ3d1MTCE,https://www.google.com/imgres?q=lentil%20soup%20with%20rice%20image&imgurl=https%3A%2F%2Fwww.veggieinspired.com%2Fwp-content%2Fuploads%2F2021%2F02%2Flentil-rice-soup-featured.jpg&imgrefurl=https%3A%2F%2Fwww.veggieinspired.com%2Flentil-rice-soup%2F&docid=W-JBFRnLi9iJ5M&tbnid=abpwqMqeN-TlaM&vet=12ahUKEwjx3LnqzveLAxWzm68BHXYtKLIQM3oECBcQAA..i&w=1200&h=1200&hcb=2&ved=2ahUKEwjx3LnqzveLAxWzm68BHXYtKLIQM3oECBcQAA,10,20,5,200
Grilled tofu with quinoa,"Step 1: Grill tofu.
Step 2: Cook quinoa.
Step 3: Serve together with veggies.",https://www.youtube.com/watch?v=T7OUPqCtUYI,https://www.google.com/imgres?q=grilled%20tofu%20with%20quinoa%20image&imgurl=https%3A%2F%2Fimages.ricardocuisine.com%2Fservices%2Frecipes%2F8326-portrait.jpg&imgrefurl=https%3A%2F%2Fwww.ricardocuisine.com%2Fen%2Frecipes%2F8326-quinoa-with-grilled-vegetables-and-tofu&docid=AjQl_izy5CDuGM&tbnid=VUJKQbXY-2hQsM&vet=12ahUKEwjy3p73zveLAxViUfUHHfkqIGwQM3oECCAQAA..i&w=1920&h=2592&hcb=2&ved=2ahUKEwjy3p73zveLAxViUfUHHfkqIGwQM3oECCAQAA,10,20,5,200
Quinoa salad with chickpeas,"Step 1: Cook quinoa.
Step 2: Mix with chickpeas, cucumbers, tomatoes, and herbs.
Step 3: Add dressing.",https://www.youtube.com/watch?v=nLbomgHVyGU,https://www.google.com/imgres?q=%20quinoa%20%20salad%20with%20hickpeasimage&imgurl=https%3A%2F%2Fplantbasedrdblog.com%2Fwp-content%2Fuploads%2F2022%2F07%2Fchickpea-quinoa-salad-with-marinated-tomatoes_feat.jpg&imgrefurl=https%3A%2F%2Fplantbasedrdblog.com%2F2022%2F07%2Fchickpea-quinoa-salad-marinated-tomatoes%2F&docid=AcQHRBKoZmdzTM&tbnid=XCHwma5N3s7dOM&vet=12ahUKEwjY-tyFz_eLAxX1ZvUHHUX8DEYQM3oECC8QAA..i&w=720&h=900&hcb=2&ved=2ahUKEwjY-tyFz_eLAxX1ZvUHHUX8DEYQM3oECC8QAA,10,20,5,200
Grilled chicken with greens,"Step 1: Grill chicken.
Step 2: Toss greens with dressing.
Step 3: Serve together.",https://www.youtube.com/watch?v=kGMy-lihrtc,https://www.google.com/imgres?q=grilled%20chicken%20with%20greensimage&imgurl=https%3A%2F%2Fimg.freepik.com%2Fpremium-photo%2Fside-view-caesar-salad-grilled-chicken-fresh-tomato-lettuce-parmesan-cheese_636537-315959.jpg&imgrefurl=https%3A%2F%2Fwww.freepik.com%2Fpremium-ai-image%2Ffresh-salad-with-chicken-tomatoes-mixed-greens-image_252916782.htm&docid=FXqwBqufcwh86M&tbnid=aS29GfkLkAi8NM&vet=12ahUKEwiI0_Gdz_eLAxW2bfUHHZMMGhoQM3oECBkQAA..i&w=626&h=413&hcb=2&itg=1&ved=2ahUKEwiI0_Gdz_eLAxW2bfUHHZMMGhoQM3oECBkQAA,10,20,5,200
Grilled vegetables with quinoa,"Step 1: Grill vegetables.
Step 2: Cook quinoa.
Step 3: Combine and season.",https://www.youtube.com/watch?v=hTYKtBHpBHs,https://www.google.com/imgres?q=grilled%20vegetables%20with%20quinoa%20image&imgurl=https%3A%2F%2Fthefoodiephysician.com%2Fwp-content%2Fuploads%2F2017%2F01%2Fquinoa-with-roasted-vegetables.jpg&imgrefurl=https%3A%2F%2Fthefoodiephysician.com%2Fquinoa-with-roasted-vegetables%2F&docid=AAzpORnQRWK0hM&tbnid=9wHoqjobfYJZMM&vet=12ahUKEwjHgJyy0veLAxXybPUHHePWAg4QM3oECDIQAA..i&w=1200&h=1200&hcb=2&ved=2ahUKEwjHgJyy0veLAxXybPUHHePWAg4QM3oECDIQAA,10,20,5,200
Turkey wrap with hummus,"Step 1: Spread hummus on wrap.
Step 2: Add turkey and greens.
Step 3: Roll and serve.",https://www.youtube.com/watch?v=qrxlrclRFYM,https://www.google.com/imgres?q=turkey%20wrap%20with%20hummus%20image&imgurl=https%3A%2F%2Fwinniesbalance.com%2Fwp-content%2Fuploads%2F2020%2F07%2FTurkey-Hummus-Veggie-Wrap-.jpg&imgrefurl=https%3A%2F%2Fwinniesbalance.com%2Fturkey-hummus-veggie-wrap%2F&docid=5-mQ4PsclQkYHM&tbnid=1I0pfVsE0ZF2ZM&vet=12ahUKEwji--DV0veLAxVch68BHeb6ABYQM3oECB0QAA..i&w=3024&h=4032&hcb=2&ved=2ahUKEwji--DV0veLAxVch68BHeb6ABYQM3oECB0QAA,10,20,5,200
Lentil soup with salad,"Step 1: Cook lentil soup.
Step 2: Prepare salad.
Step 3: Serve together.",https://www.youtube.com/watch?v=mdT3tFEug00,https://www.google.com/imgres?q=lentil%20soup%20with%20salad&imgurl=https%3A%2F%2Fgardenfreshfoodie.com%2Fwp-content%2Fuploads%2F2015%2F10%2FItalian-Curry-Red-Lentil-Soup-With-Cannellini-Beans-Served-With-Salad-and-Lentil-Pie_LR-Watermark.jpg&imgrefurl=https%3A%2F%2Fgardenfreshfoodie.com%2Fsoups-stews%2Flate-fall-red-lentil-soup%2F&docid=Y9n2izCLt-YTPM&tbnid=Ti4mC75B6R0-eM&vet=12ahUKEwi3z-vm0veLAxWbafUHHTbMH4MQM3oECBkQAA..i&w=736&h=491&hcb=2&ved=2ahUKEwi3z-vm0veLAxWbafUHHTbMH4MQM3oECBkQAA,10,20,5,200
Grilled fish with greens,"Step 1: Grill fish.
Step 2: Toss greens with dressing.
Step 3: Serve together.",https://www.youtube.com/watch?v=GWyLDIjH1-w,https://www.google.com/imgres?q=grilled%20fish%20with%20greens&imgurl=https%3A%2F%2Fi0.wp.com%2Fafrovitalityeats.com%2Fwp-content%2Fuploads%2F2018%2F11%2FMixed-green-salad-with-Tilapia.jpg%3Fresize%3D1200%252C1200%26ssl%3D1&imgrefurl=https%3A%2F%2Fafrovitalityeats.com%2Fmixed-green-salad-with-pan-grilled-tilapia%2F&docid=Kh5fqO7q2wNBXM&tbnid=OglEPj_m1OaUNM&vet=12ahUKEwj8s4z00veLAxW_i68BHch3PLsQM3oECGcQAA..i&w=1200&h=1200&hcb=2&ved=2ahUKEwj8s4z00veLAxW_i68BHch3PLsQM3oECGcQAA,10,20,5,200
Grilled turkey with greens,"Step 1: Grill turkey.
Step 2: Toss greens with dressing.
Step 3: Serve together.",https://www.youtube.com/watch?v=65CI94UVY_Y,https://www.google.com/imgres?q=grilled%20turkey%20with%20greens&imgurl=https%3A%2F%2Fi0.wp.com%2Fhomefrontcooking.com%2Fwp-content%2Fuploads%2F2018%2F10%2Fhoney-glazed-roast-turkey-79121.jpg%3Fresize%3D800%252C840%26ssl%3D1&imgrefurl=https%3A%2F%2Fhomefrontcooking.com%2Froast-turkey-breast-with-honey-glaze-and-roasted-veggies%2F&docid=o0Q-qNeUUDsbQM&tbnid=t4hzDs3Hw53L3M&vet=12ahUKEwjjyY2I0_eLAxX1gq8BHRpzMzAQM3oFCIQBEAA..i&w=800&h=840&hcb=2&ved=2ahUKEwjjyY2I0_eLAxX1gq8BHRpzMzAQM3oFCIQBEAA,10,20,5,200
Grilled chicken with quinoa,"Step 1: Grill chicken.
Step 2: Cook quinoa.
Step 3: Serve together.",https://www.youtube.com/watch?v=xizRTIcMaic,https://www.google.com/imgres?q=grilled%20chicken%20with%20quinoa&imgurl=https%3A%2F%2Fwww.primaverakitchen.com%2Fwp-content%2Fuploads%2F2023%2F03%2FChicken-Quinoa-Salad-Primavera-Kitchen-8.jpg&imgrefurl=https%3A%2F%2Fwww.primaverakitchen.com%2Fquinoa-chicken-salad%2F&docid=nOlOhcU4TQxbWM&tbnid=fn-YoCaFwU4AFM&vet=12ahUKEwjrq_Sc0_eLAxX2aPUHHSrmNBIQM3oECBoQAA..i&w=1300&h=1950&hcb=2&ved=2ahUKEwjrq_Sc0_eLAxX2aPUHHSrmNBIQM3oECBoQAA,10,20,5,200
Chickpea salad,"Step 1: Mix chickpeas, cucumber, tomatoes, and herbs.
Step 2: Add lemon dressing.
Step 3: Serve chilled.",https://www.youtube.com/watch?v=HW7dyhckX8I,https://www.google.com/imgres?q=chickpea%20salad&imgurl=https%3A%2F%2Fcdn.loveandlemons.com%2Fwp-content%2Fuploads%2F2023%2F05%2Fchickpea-salad-500x500.jpg&imgrefurl=https%3A%2F%2Fwww.loveandlemons.com%2Fchickpea-salad%2F&docid=NzDd7isMsolyWM&tbnid=cA4DW17G84HfEM&vet=12ahUKEwj0v-Ks0_eLAxW_a_UHHW7NFMcQM3oECEAQAA..i&w=500&h=500&hcb=2&ved=2ahUKEwj0v-Ks0_eLAxW_a_UHHW7NFMcQM3oECEAQAA,10,20,5,200
Grilled salmon with vegetables,"Step 1: Grill salmon.
Step 2: Roast vegetables.
Step 3: Serve together.",https://www.youtube.com/watch?v=jQE0TTBIpGo,https://www.google.com/imgres?q=grilled%20salmon%20with%20vegetables&imgurl=https%3A%2F%2Fwww.cookingclassy.com%2Fwp-content%2Fuploads%2F2018%2F05%2Fgrilled-salmon-3.jpg&imgrefurl=https%3A%2F%2Fwww.cookingclassy.com%2F5-ingredient-marinated-grilled-salmon%2F&docid=EgKG7Y0jAkwagM&tbnid=BMKPgMnxAKpDGM&vet=12ahUKEwjJ74PJ0_eLAxWvlK8BHVZDEdYQM3oECHgQAA..i&w=1080&h=1600&hcb=2&ved=2ahUKEwjJ74PJ0_eLAxWvlK8BHVZDEdYQM3oECHgQAA,10,20,5,200
Vegetable stir-fry with tofu,"Step 1: Stir-fry vegetables.
Step 2: Add tofu.
Step 3: Serve hot.",https://www.youtube.com/watch?v=U67i1TAIr2U,https://www.google.com/imgres?q=vegetable%20stir%20fry%20wwith%20tofu&imgurl=https%3A%2F%2Fwww.funfoodfrolic.com%2Fwp-content%2Fuploads%2F2020%2F03%2FTofu-Stir-Fry-Thumbnail.jpg&imgrefurl=https%3A%2F%2Fwww.funfoodfrolic.com%2Ftofu-vegetable-stir-fry%2F&docid=LFGOWZZL3ano6M&tbnid=l5dv3mtuPROvNM&vet=12ahUKEwjm4dv40_eLAxVJdvUHHa6HMxIQM3oECB0QAA..i&w=1200&h=1200&hcb=2&ved=2ahUKEwjm4dv40_eLAxVJdvUHHa6HMxIQM3oECB0QAA,10,20,5,200
Chicken stir-fry with rice,"Step 1: Stir-fry chicken.
Step 2: Cook rice.
Step 3: Serve together.",https://www.youtube.com/watch?v=5dybdeTylz0,https://www.google.com/imgres?q=chicken%20stir%20fry%20with%20rice&imgurl=https%3A%2F%2Fwww.superhealthykids.com%2Fwp-content%2Fuploads%2F2023%2F02%2Fchicken-stir-fry-8.jpg&imgrefurl=https%3A%2F%2Fwww.superhealthykids.com%2Feasy-weeknight-stir-fry-recipe%2F&docid=Hikbyju_Gl8lAM&tbnid=jo8XG4_hfHlrDM&vet=12ahUKEwjLyZ2F1PeLAxWvkq8BHSntIwsQM3oECBoQAA..i&w=1200&h=1800&hcb=2&ved=2ahUKEwjLyZ2F1PeLAxWvkq8BHSntIwsQM3oECBoQAA,10,20,5,200
Quinoa salad,"Step 1: Cook quinoa.
Step 2: Add veggies and herbs.
Step 3: Serve with dressing.",https://www.youtube.com/watch?v=akWqrxw6DkE,https://www.google.com/imgres?q=quinoa%20salad&imgurl=https%3A%2F%2Fcdn.loveandlemons.com%2Fwp-content%2Fuploads%2F2020%2F08%2Fquinoa-salad.jpg&imgrefurl=https%3A%2F%2Fwww.loveandlemons.com%2Fquinoa-salad-recipe%2F&docid=8JvCToK_17lm0M&tbnid=5iZCH6PJqVOvoM&vet=12ahUKEwjDwa6S1PeLAxWLhq8BHTv8Dy4QM3oECBgQAA..i&w=1160&h=1442&hcb=2&itg=1&ved=2ahUKEwjDwa6S1PeLAxWLhq8BHTv8Dy4QM3oECBgQAA,10,20,5,200
Grilled shrimp with spinach,"Step 1: Grill shrimp.
Step 2: Toss spinach with dressing.
Step 3: Serve.",https://www.youtube.com/watch?v=1yCum9rbUP4,https://www.google.com/imgres?q=grilled%20shrimp%20with%20spinach&imgurl=https%3A%2F%2Ftopsecretrecipes.com%2Fimages%2Fproduct%2Fapplebees-grilled-shrimp-n-spinach-salad-copycat-recipe_1.jpg&imgrefurl=https%3A%2F%2Ftopsecretrecipes.com%2Fapplebees-grilled-shrimp-n-spinach-salad-copycat-recipe.html&docid=5SZKCjItMbutuM&tbnid=TBElZpnR5wUWoM&vet=12ahUKEwiY9fOe1PeLAxVSoa8BHSf8OWYQM3oECHcQAA..i&w=600&h=450&hcb=2&ved=2ahUKEwiY9fOe1PeLAxVSoa8BHSf8OWYQM3oECHcQAA,10,20,5,200
Paneer curry with roti,"Step 1: Cook paneer curry.
Step 2: Serve with roti.",https://www.youtube.com/watch?v=_WFfUScg1TA,https://www.google.com/url?sa=i&url=https%3A%2F%2Fwww.cookshideout.com%2Fpaneer-white-beans-curry-recipe&psig=AOvVaw3z37bb0Wb-3vUA4T_mTNxD&ust=1741426229555000&source=images&cd=vfe&opi=89978449&ved=0CBQQjRxqFwoTCIjf9cDU94sDFQAAAAAdAAAAABAE,10,20,5,200
Vegetable curry with brown rice,"Step 1: Cook vegetables with curry spices.
Step 2: Serve with brown rice.",https://www.youtube.com/watch?v=kWmxm_bHZd4,https://www.google.com/imgres?q=vegetable%20curry%20with%20brown%20rice&imgurl=https%3A%2F%2Fi.ytimg.com%2Fvi%2FXV6QDRd7zEo%2Fmaxresdefault.jpg&imgrefurl=https%3A%2F%2Fwww.youtube.com%2Fwatch%3Fv%3DXV6QDRd7zEo&docid=-nidsqrnGj3WEM&tbnid=50bIpOb5QhiKAM&vet=12ahUKEwj6x8zV1PeLAxVfla8BHUooLV4QM3oECBoQAA..i&w=1280&h=720&hcb=2&ved=2ahUKEwj6x8zV1PeLAxVfla8BHUooLV4QM3oECBoQAA,10,20,5,200
Vegetable stew with lentils,"Step 1: Cook vegetables and lentils.
Step 2: Season and serve.",https://www.youtube.com/watch?v=yAITSyk_Evc,https://www.google.com/imgres?q=vegetable%20stew%20with%20lentils&imgurl=https%3A%2F%2Fimages.immediate.co.uk%2Fproduction%2Fvolatile%2Fsites%2F30%2F2022%2F09%2FLinseneintopf-vegetarisch-1-4b8a722.jpg%3Fresize%3D1200%252C630&imgrefurl=https%3A%2F%2Fwww.bbcgoodfood.com%2Frecipes%2Fvegetarian-lentil-stew&docid=-apNvntTOs_0iM&tbnid=F2y-6DgLY2Xz6M&vet=12ahUKEwiUs6fm1PeLAxXGna8BHbznK98QM3oECGcQAA..i&w=1200&h=630&hcb=2&ved=2ahUKEwiUs6fm1PeLAxXGna8BHbznK98QM3oECGcQAA,10,20,5,200
Baked fish with steamed broccoli,"Step 1: Bake fish.
Step 2: Steam broccoli.
Step 3: Serve together.",https://www.youtube.com/watch?v=BUWGFRPkjv4,https://www.google.com/imgres?q=baked%20fish%20with%20steamed%20brocolli&imgurl=https%3A%2F%2Fhealthylivingpc.com%2Fwp-content%2Fuploads%2F2024%2F03%2FBaked-Cod-with-Lemon-Herb-Quinoa-and-Steamed-Broccoli.jpg&imgrefurl=https%3A%2F%2Fhealthylivingpc.com%2Fbaked-cod-with-lemon-herb-quinoa-and-steamed-broccoli%2F&docid=74n9mKP6SlP6uM&tbnid=wqr_lOMxb-Gw7M&vet=12ahUKEwiW7r731PeLAxVfUPUHHZrtHaYQM3oECBwQAA..i&w=2240&h=1260&hcb=2&ved=2ahUKEwiW7r731PeLAxVfUPUHHZrtHaYQM3oECBwQAA,10,20,5,200
Lentil soup with whole grain bread,"Step 1: Cook lentil soup.
Step 2: Serve with bread.",https://www.youtube.com/watch?v=iEheOF33jMY,https://www.google.com/imgres?q=lentil%20soup%20with%20whole%20grain%20bread&imgurl=https%3A%2F%2Ftoriavey.com%2Fimages%2F2011%2F02%2FIMG_2209.jpg&imgrefurl=https%3A%2F%2Ftoriavey.com%2Fjacobs-lentil-stew-2%2F&docid=I8jCRfljYJt5dM&tbnid=S-8j9RPzGx9h9M&vet=12ahUKEwiIiK6F1feLAxUai68BHQbKJm0QM3oECFkQAA..i&w=640&h=480&hcb=2&ved=2ahUKEwiIiK6F1feLAxUai68BHQbKJm0QM3oECFkQAA,10,20,5,200
Baked salmon with roasted vegetables,"Step 1: Bake salmon.
Step 2: Roast vegetables.
Step 3: Serve together.",https://www.youtube.com/watch?v=qvfCWVh31Mg,https://www.google.com/imgres?q=baked%20salmon%20with%20roasted%20vegetables&imgurl=https%3A%2F%2Fhungryfoodie.com%2Fwp-content%2Fuploads%2F2023%2F09%2FSheet-Pan-Salmon-and-Vegetables-15.jpg&imgrefurl=https%3A%2F%2Fhungryfoodie.com%2Fsheet-pan-salmon-and-vegetables%2F&docid=_eeBEVJiUtx9SM&tbnid=tU7jvC5NcVcI6M&vet=12ahUKEwjjztOh1feLAxWFnK8BHYcnDmgQM3oECDgQAA..i&w=1200&h=1800&hcb=2&ved=2ahUKEwjjztOh1feLAxWFnK8BHYcnDmgQM3oECDgQAA,10,20,5,200
Stuffed bell peppers with rice,"Step 1: Stuff peppers with rice and veggies.
Step 2: Bake.",https://www.youtube.com/watch?v=ektsiKFVqks,https://www.google.com/imgres?q=stuffed%20bell%20pepper%20with%20rice&imgurl=https%3A%2F%2Fcdn.loveandlemons.com%2Fwp-content%2Fuploads%2F2022%2F05%2FIMG_41037-1.jpg&imgrefurl=https%3A%2F%2Fwww.loveandlemons.com%2Fcoconut-rice-stuffed-peppers%2F&docid=6zCMq3O1jQuYJM&tbnid=EvIcRcETkoBcJM&vet=12ahUKEwi5gMWw1feLAxW4dvUHHVqQEN0QM3oECGgQAA..i&w=1160&h=1645&hcb=2&ved=2ahUKEwi5gMWw1feLAxW4dvUHHVqQEN0QM3oECGgQAA,10,20,5,200
Chicken stir-fry with vegetables,"Step 1: Stir-fry chicken.
Step 2: Add vegetables.
Step 3: Serve.",https://www.youtube.com/watch?v=5dybdeTylz0,https://www.google.com/imgres?q=chicken%20stir%20fry%20withvegetables&imgurl=https%3A%2F%2Fwww.cookingclassy.com%2Fwp-content%2Fuploads%2F2019%2F12%2Fchicken-stir-fry-1.jpg&imgrefurl=https%3A%2F%2Fwww.cookingclassy.com%2Fchicken-and-vegetable-stir-fry%2F&docid=vVQD6Lpy8wn2xM&tbnid=pAldQumKOrUrdM&vet=12ahUKEwiox8q-1feLAxU5dvUHHQQGM68QM3oECBkQAA..i&w=1200&h=1800&hcb=2&ved=2ahUKEwiox8q-1feLAxU5dvUHHQQGM68QM3oECBkQAA,10,20,5,200
Baked fish with steamed greens,"Step 1: Bake fish.
Step 2: Steam greens.
Step 3: Serve together.",https://www.youtube.com/watch?v=Og-8oUa2tHM,https://www.google.com/imgres?q=baked%20fish%20with%20steamed%20greens&imgurl=https%3A%2F%2Fimg.taste.com.au%2F0hMw24PR%2Ftaste%2F2016%2F11%2Fbaked-fish-with-steamed-vegetables-1338-1.jpeg&imgrefurl=https%3A%2F%2Fwww.taste.com.au%2Frecipes%2Fbaked-fish-steamed-vegetables%2Fb7ee8826-29c8-43c0-adea-7c05b357d645&docid=frR_klfduSnu0M&tbnid=LzC3Dg5mG8OMmM&vet=12ahUKEwjnmrzM1feLAxWSYvUHHXQHAvsQM3oECBwQAA..i&w=3000&h=2000&hcb=2&ved=2ahUKEwjnmrzM1feLAxWSYvUHHXQHAvsQM3oECBwQAA,10,20,5,200
Salmon with sweet potatoes,"Step 1: Grill salmon.
Step 2: Roast sweet potatoes.
Step 3: Serve.",https://www.youtube.com/watch?v=mDo6SNiEXoo,https://www.google.com/imgres?q=salmon%20with%20sweet%20potatoes&imgurl=https%3A%2F%2Fwww.twopeasandtheirpod.com%2Fwp-content%2Fuploads%2F2020%2F10%2FHoney-Rosemary-Salmon-1-scaled.jpg&imgrefurl=https%3A%2F%2Fwww.twopeasandtheirpod.com%2Fhoney-rosemary-baked-salmon%2F&docid=1zPE8n15oILPOM&tbnid=mbVIdXoPWfbzOM&vet=12ahUKEwjetLnf1feLAxXXk68BHeRQNhQQM3oECB0QAA..i&w=1200&h=1800&hcb=2&ved=2ahUKEwjetLnf1feLAxXXk68BHeRQNhQQM3oECB0QAA,10,20,5,200
Vegetable stew with millet,"Step 1: Cook vegetables and millet.
Step 2: Season.",https://www.youtube.com/watch?v=fqy2nyKPm3g,https://www.google.com/imgres?q=vegetable%20stew%20with%20millet&imgurl=https%3A%2F%2Fi0.wp.com%2Fmarudhuskitchen.com%2Fwp-content%2Fuploads%2F2014%2F08%2Fvegetable-soup.jpg&imgrefurl=https%3A%2F%2Fmarudhuskitchen.com%2Fmaking-vegetable-soup-with-littlemilletsamaimillet-soup%2F&docid=mirf5t45CumQHM&tbnid=02eYpdvrRH_VVM&vet=12ahUKEwjZooHy1feLAxXEa_UHHfDzH90QM3oECGcQAA..i&w=600&h=800&hcb=2&ved=2ahUKEwjZooHy1feLAxXEa_UHHfDzH90QM3oECGcQAA,10,20,5,200
Chicken curry with rice,"Step 1: Cook chicken curry.
Step 2: Serve with rice.",https://www.youtube.com/watch?v=Kwl6vCDdE8Q,https://www.google.com/imgres?q=chicken%20curry%20with%20rice&imgurl=https%3A%2F%2Fwww.foodiaq.com%2Fwp-content%2Fuploads%2F2024%2F02%2Fchicken-curry-and-rice-scaled.jpg&imgrefurl=https%3A%2F%2Fwww.foodiaq.com%2Fproduct%2Fchicken-curry-with-rice%2F&docid=ic4lsGW0hURNjM&tbnid=d1Vhuo4HOvKjGM&vet=12ahUKEwjF3JWE1veLAxU7kK8BHffYLiYQM3oECDkQAA..i&w=2560&h=2372&hcb=2&ved=2ahUKEwjF3JWE1veLAxU7kK8BHffYLiYQM3oECDkQAA,10,20,5,200
Dal with brown rice,"Step 1: Cook dal.
Step 2: Serve with brown rice.",https://www.youtube.com/watch?v=exOm7DVfmcM,https://www.google.com/imgres?q=dal%20with%20brown%20rice&imgurl=https%3A%2F%2Fi.redd.it%2Fziad6xdhcqqy.jpg&imgrefurl=https%3A%2F%2Fwww.reddit.com%2Fr%2F1200isplenty%2Fcomments%2F64jnc3%2Fred_lentil_dal_with_brown_rice_320_cal%2F&docid=Bgx5PkWXbqFVBM&tbnid=BnAnQu38yQIEzM&vet=12ahUKEwjr5fab1veLAxV2YvUHHVWYOMkQM3oECHoQAA..i&w=2448&h=2448&hcb=2&ved=2ahUKEwjr5fab1veLAxV2YvUHHVWYOMkQM3oECHoQAA,10,20,5,200
Grilled fish with vegetables,"Step 1: Grill fish.
Step 2: Serve with vegetables.",https://www.youtube.com/watch?v=uVFzFSLi_Aw,https://www.google.com/imgres?q=grilled%20fish%20with%20vegetables&imgurl=https%3A%2F%2Fimg.taste.com.au%2FykyHrKeZ%2Ftaste%2F2016%2F11%2Fgrilled-vegetables-and-snapper-86243-1.jpeg&imgrefurl=https%3A%2F%2Fwww.taste.com.au%2Frecipes%2Fgrilled-vegetables-snapper%2F4cb5ce07-0859-4d66-9761-23874cc91a52&docid=DMpvX4IPRgKmmM&tbnid=woeH8fX6KxSamM&vet=12ahUKEwi11PWo1veLAxVlh68BHcUNMz4QM3oECB0QAA..i&w=3000&h=2000&hcb=2&ved=2ahUKEwi11PWo1veLAxVlh68BHcUNMz4QM3oECB0QAA,10,20,5,200
Tofu stir-fry,"Step 1: Stir-fry tofu and vegetables.
Step 2: Season and serve.",https://www.youtube.com/watch?v=U67i1TAIr2U,https://www.google.com/imgres?q=tofu%20str%20fry&imgurl=https%3A%2F%2Fhips.hearstapps.com%2Fhmg-prod%2Fimages%2F190130-tofu-stir-fry-horizontal-150-1549302524.jpg%3Fcrop%3D0.8893333333333334xw%3A1xh%3Bcenter%2Ctop%26resize%3D1200%3A*&imgrefurl=https%3A%2F%2Fwww.delish.com%2Fcooking%2Frecipe-ideas%2Fa26090091%2Ftofu-stir-fry-recipe%2F&docid=QFHb4Gz-MCfGaM&tbnid=bzYog92Z8bhqlM&vet=12ahUKEwjV1_W01veLAxVuoq8BHbtyObYQM3oECGMQAA..i&w=889&h=667&hcb=2&ved=2ahUKEwjV1_W01veLAxVuoq8BHbtyObYQM3oECGMQAA,10,20,5,200
Turkey breast with roasted vegetables,"Step 1: Roast turkey.
Step 2: Serve with vegetables.",https://www.youtube.com/watch?v=3_tH9VAGdgA,https://www.google.com/imgres?q=turkey%20breast%20with%20roasted%20vegetables&imgurl=https%3A%2F%2Fwww.feastingathome.com%2Fwp-content%2Fuploads%2F2019%2F11%2FOven-Roasted-Turkey-Breast-13.jpg&imgrefurl=https%3A%2F%2Fwww.feastingathome.com%2Fsimple-roast-turkey-for-two%2F&docid=ANMv4otty2tuNM&tbnid=uCKrebzws9wddM&vet=12ahUKEwiZpebC1veLAxVRg68BHQg3POIQM3oECBcQAA..i&w=780&h=1170&hcb=2&ved=2ahUKEwiZpebC1veLAxVRg68BHQg3POIQM3oECBcQAA,10,20,5,200
Mixed nuts,Mixed nuts are ready to eat.,https://www.youtube.com/watch?v=xcz2LIvpMwI,https://www.google.com/imgres?q=mixed%20nuts&imgurl=https%3A%2F%2Fkumaribasket.com%2Fwp-content%2Fuploads%2F2022%2F07%2Fnuts.jpg&imgrefurl=https%3A%2F%2Fkumaribasket.com%2Fproduct%2Fmixed-nuts-200gm%2F&docid=O4nCDqFlamwzjM&tbnid=xFBy6Gk0HZfDGM&vet=12ahUKEwiqi5fP1veLAxVdjK8BHW_gCIAQM3oECC0QAA..i&w=2000&h=2000&hcb=2&ved=2ahUKEwiqi5fP1veLAxVdjK8BHW_gCIAQM3oECC0QAA,10,20,5,200
Pumpkin seeds,Roast pumpkin seeds with salt.,https://www.youtube.com/watch?v=5MRdpUuZuPE,https://www.google.com/imgres?q=pumpkin%20seeds&imgurl=https%3A%2F%2Fpintola.in%2Fcdn%2Fshop%2Ffiles%2F4_5_1200x.jpg%3Fv%3D1718353162&imgrefurl=https%3A%2F%2Fpintola.in%2Fproducts%2Froasted-salted-pumpkin-seeds&docid=yQVKp34pYByclM&tbnid=h_iaqK36K8WabM&vet=12ahUKEwjmuu-E1_eLAxXASmwGHUvEHCYQM3oECBsQAA..i&w=1200&h=1200&hcb=2&ved=2ahUKEwjmuu-E1_eLAxXASmwGHUvEHCYQM3oECBsQAA,10,20,5,200
Boiled eggs,Boil eggs for 8-10 minutes.,https://www.youtube.com/watch?v=qaOlqlUwHuI,https://www.google.com/imgres?q=boiled%20eggs&imgurl=https%3A%2F%2Fwww.skinnytaste.com%2Fwp-content%2Fuploads%2F2024%2F10%2FHow-to-Make-a-Soft-Boiled-Egg-9-500x500.jpg&imgrefurl=https%3A%2F%2Fwww.skinnytaste.com%2Fhow-to-make-soft-boiled-eggs%2F&docid=nvtD7eV9R99-tM&tbnid=TdNgjKyRfND8HM&vet=12ahUKEwiY8Mqi1_eLAxXZTWwGHe47NiYQM3oECBYQAA..i&w=500&h=500&hcb=2&ved=2ahUKEwiY8Mqi1_eLAxXZTWwGHe47NiYQM3oECBYQAA,10,20,5,200
Nut-free granola bar,"Prepare granola bar with oats, honey, and seeds.",https://www.youtube.com/watch?v=PUx3xc5BMJE,https://www.google.com/imgres?q=nutfree%20granola%20bar&imgurl=https%3A%2F%2Fwww.twopeasandtheirpod.com%2Fwp-content%2Fuploads%2F2021%2F08%2FNut-Free-Granola-Bars-8.jpg&imgrefurl=https%3A%2F%2Fwww.twopeasandtheirpod.com%2Fnut-free-granola-bars%2F&docid=b1f7abgM_ZnQqM&tbnid=I3LJ_FL9tdIMoM&vet=12ahUKEwiAndyu1_eLAxWgUGwGHU6zFKsQM3oECB0QAA..i&w=1200&h=1800&hcb=2&ved=2ahUKEwiAndyu1_eLAxWgUGwGHU6zFKsQM3oECB0QAA,10,20,5,200
Seed mix,Mix seeds together.,https://www.youtube.com/watch?v=fEBroNyaVOc,https://www.google.com/imgres?q=seed%20mix&imgurl=http%3A%2F%2Fbestbhav.co.in%2Fcdn%2Fshop%2Ffiles%2F1000243959.jpg%3Fv%3D1720008467&imgrefurl=https%3A%2F%2Fbestbhav.co.in%2Fproducts%2Fseed-mix-7-roasted&docid=uVedUwGFhguiiM&tbnid=3wyKtB_snIfX0M&vet=12ahUKEwjxjo661_eLAxU6UGwGHQ7uJtwQM3oECBYQAA..i&w=1160&h=1160&hcb=2&ved=2ahUKEwjxjo661_eLAxU6UGwGHQ7uJtwQM3oECBYQAA,10,20,5,200
Almonds and dates,Combine almonds and dates.,https://www.youtube.com/watch?v=H8oA_Vh0bNU,https://www.google.com/imgres?q=almonds%20and%20dates%27&imgurl=https%3A%2F%2Fimg.taste.com.au%2FzrJDqpk8%2Ftaste%2F2016%2F11%2Falmond-stuffed-dates-6748-1.jpeg&imgrefurl=https%3A%2F%2Fwww.taste.com.au%2Frecipes%2Falmond-stuffed-dates%2Fdeb1f92d-4265-4c99-a239-a8f27836acbf&docid=VcbvijHjU3bZ2M&tbnid=EHgwFms9SskAmM&vet=12ahUKEwj6pPDE1_eLAxXYSWwGHUrENQcQM3oECBoQAA..i&w=3000&h=2000&hcb=2&ved=2ahUKEwj6pPDE1_eLAxXYSWwGHUrENQcQM3oECBoQAA,10,20,5,200
Cheese and crackers,Serve cheese and crackers.,https://www.youtube.com/watch?v=OvD_yOkaUIM,https://www.google.com/imgres?q=cheese%20and%20crackers&imgurl=https%3A%2F%2Fstatic01.nyt.com%2Fimages%2F2021%2F11%2F16%2Fdining%2F21mag-eat-site%2F21mag-eat-site-superJumbo-v4.jpg&imgrefurl=https%3A%2F%2Fwww.nytimes.com%2F2021%2F11%2F17%2Fmagazine%2Fa-crispy-upgrade-for-cheese-and-crackers.html&docid=fQWzpa2Onwn9JM&tbnid=6kdrhdtlIJ97OM&vet=12ahUKEwjNgPXP1_eLAxVnTGwGHZjCOJ0QM3oECHwQAA..i&w=2048&h=1366&hcb=2&ved=2ahUKEwjNgPXP1_eLAxVnTGwGHZjCOJ0QM3oECHwQAA,10,20,5,200
Roasted chickpeas,Roast chickpeas with spices.,https://www.youtube.com/watch?v=i-r_KDjZy9U,https://www.google.com/imgres?q=roasted%20chickpeas&imgurl=https%3A%2F%2Fgreatcurryrecipes.net%2Fwp-content%2Fuploads%2F2014%2F02%2Froastchickpeas6-540x720.jpg&imgrefurl=https%3A%2F%2Fgreatcurryrecipes.net%2F2014%2F02%2F27%2Froasted-chickpeas%2F&docid=eVX0pfti9XWC5M&tbnid=wEX3IFYvWbs58M&vet=12ahUKEwjLwdTs1_eLAxUaTGcHHVwPGn0QM3oECGkQAA..i&w=540&h=720&hcb=2&ved=2ahUKEwjLwdTs1_eLAxUaTGcHHVwPGn0QM3oECGkQAA,10,20,5,200
Fruit salad,Chop fruits and mix.,https://www.youtube.com/watch?v=Zp-F68Fa-ps,https://www.google.com/imgres?q=fruit%20salad&imgurl=https%3A%2F%2Fkristineskitchenblog.com%2Fwp-content%2Fuploads%2F2024%2F03%2Ffruit-salad-2391-2.jpg&imgrefurl=https%3A%2F%2Fkristineskitchenblog.com%2Ffruit-salad%2F&docid=FcGLiDd36WVBWM&tbnid=2WyVahVcdNEsiM&vet=12ahUKEwir_9_21_eLAxURXWwGHWvEJ1QQM3oECGMQAA..i&w=1400&h=1400&hcb=2&ved=2ahUKEwir_9_21_eLAxURXWwGHWvEJ1QQM3oECGMQAA,10,20,5,200
Greek yogurt,Serve Greek yogurt plain.,https://www.youtube.com/watch?v=gLivGD5-Uvo,https://www.google.com/imgres?q=greek%20yogurt&imgurl=https%3A%2F%2Fwww.daisybeet.com%2Fwp-content%2Fuploads%2F2024%2F01%2FHomemade-Greek-Yogurt-13.jpg&imgrefurl=https%3A%2F%2Fwww.daisybeet.com%2Fmake-your-own-greek-yogurt-shortcut-recipe%2F&docid=Ep1iCwdHoR3XzM&tbnid=AYe5NuYzXk0BzM&vet=12ahUKEwjAm72H2PeLAxXsUGcHHRG5BRgQM3oECB0QAA..i&w=796&h=1000&hcb=2&ved=2ahUKEwjAm72H2PeLAxXsUGcHHRG5BRgQM3oECB0QAA,10,20,5,200
Popcorn,Pop kernels in oil.,https://www.youtube.com/watch?v=n3W2v3DVy_U,https://www.google.com/imgres?q=popcorn&imgurl=https%3A%2F%2Fwellfedbaker.com%2Fwp-content%2Fuploads%2F2024%2F07%2Fair-fryer-popcorn-9.jpg&imgrefurl=https%3A%2F%2Fwellfedbaker.com%2Fair-fryer-popcorn%2F&docid=FxBmsG4aizWVjM&tbnid=4SbAkmhjtYX9UM&vet=12ahUKEwios_-Q2PeLAxUvTmwGHbYvDsQQM3oECC4QAA..i&w=1200&h=1200&hcb=2&ved=2ahUKEwios_-Q2PeLAxUvTmwGHbYvDsQQM3oECC4QAA,10,20,5,200
Carrot sticks with hummus,Serve carrot sticks with hummus.,https://www.youtube.com/watch?v=WFKXWeVdX9s,https://www.google.com/imgres?q=carrot%20sticks%20with%20hummus&imgurl=https%3A%2F%2Fwww.shutterstock.com%2Fshutterstock%2Fphotos%2F1615605613%2Fdisplay_1500%2Fstock-photo-carrot-sticks-and-hummus-dip-plate-1615605613.jpg&imgrefurl=https%3A%2F%2Fwww.shutterstock.com%2Fimage-photo%2Fcarrot-sticks-hummus-dip-plate-1615605613&docid=Zf7M1oRvRmtqLM&tbnid=UZ_WkaHEI-YELM&vet=12ahUKEwjcxLCe2PeLAxXCR2wGHUwpGfoQM3oECEkQAA..i&w=1500&h=1600&hcb=2&ved=2ahUKEwjcxLCe2PeLAxXCR2wGHUwpGfoQM3oECEkQAA,10,20,5,200
Cottage cheese,Serve cottage cheese plain.,https://www.youtube.com/watch?v=fVDmsTtZgWc,https://www.google.com/imgres?q=cottage%20cheese&imgurl=https%3A%2F%2Fcheesemaking.com%2Fcdn%2Fshop%2Fproducts%2Fcottage-cheese-recipe-266121.jpg%3Fcrop%3Dcenter%26height%3D1200%26v%3D1739766325%26width%3D1200&imgrefurl=https%3A%2F%2Fcheesemaking.com%2Fproducts%2Fcottage-cheese-recipe&docid=oV4X48qKoCvdHM&tbnid=OgSEAykaTMva1M&vet=12ahUKEwjPs8Op2PeLAxXvRmwGHbUjJDYQM3oECGgQAA..i&w=1200&h=800&hcb=2&ved=2ahUKEwjPs8Op2PeLAxXvRmwGHbUjJDYQM3oECGgQAA,10,20,5,200
Rice cakes with almond butter,Spread almond butter on rice cakes.,https://www.youtube.com/watch?v=1GlKBy_IcCA,https://www.google.com/imgres?q=rice%20cakes%20with%20almond%20butter&imgurl=https%3A%2F%2Fwww.mealgarden.com%2Fmedia%2Frecipe%2F2019%2F08%2Fbbigstock-nutritious-after-school-snack-50527163.jpeg&imgrefurl=https%3A%2F%2Fwww.mealgarden.com%2Frecipe%2Frice-cakes-with-nut-butter%2F&docid=HzSkp5Z4vvOSGM&tbnid=pphJHcKhAl8ueM&vet=12ahUKEwi0t8C22PeLAxVzSmwGHR4OB-IQM3oECBwQAA..i&w=2000&h=1000&hcb=2&ved=2ahUKEwi0t8C22PeLAxVzSmwGHR4OB-IQM3oECBwQAA,10,20,5,200
Dried fruit mix,Mix dried fruits.,https://www.youtube.com/watch?v=herVulMN4iA,https://www.google.com/imgres?q=dried%20fruit%20mix&imgurl=https%3A%2F%2Fdryfruitsmandy.com%2Fwp-content%2Fuploads%2F2021%2F02%2FMIX-DRIED-FRUITS.jpg&imgrefurl=https%3A%2F%2Fdryfruitsmandy.com%2Fproduct%2Fmix-dried-fruits%2F&docid=0Ac0JcJ05enCvM&tbnid=EhYbbXwV-auNxM&vet=12ahUKEwi6_-e_2PeLAxXoSGcHHVxsBkUQM3oECBkQAA..i&w=1300&h=866&hcb=2&ved=2ahUKEwi6_-e_2PeLAxXoSGcHHVxsBkUQM3oECBkQAA,10,20,5,200
